{
    "CE1": [
        -64.1989229,
        -31.3999646
    ],
    "CE2": [
        -64.1795081,
        -31.4063872
    ],
    "CE3": [
        -64.1669804,
        -31.4053034
    ],
    "CE4": [
        -64.1588537,
        -31.4111144
    ],
    "CE5": [
        -64.1831345,
        -31.3932475
    ],
    "CE6": [
        -64.1837784,
        -31.3949088
    ],
    "CE7": [
        -64.2016338,
        -31.443688
    ],
    "CE8": [
        -64.1976222,
        -31.4347466
    ],
    "CE9": [
        -64.195023,
        -31.4423078
    ],
    "CE10": [
        -64.2000627,
        -31.4365328
    ],
    "CE11": [
        -64.1996509,
        -31.4386816
    ],
    "CE12": [
        -64.2081811,
        -31.3995849
    ],
    "CE13": [
        -64.1593155,
        -31.4075749
    ],
    "CE14": [
        -64.1680525,
        -31.3992762
    ],
    "CE15": [
        -64.2071618,
        -31.4279716
    ],
    "CE16": [
        -64.2040615,
        -31.4153878
    ],
    "CE17": [
        -64.2005089,
        -31.3926088
    ],
    "CE18": [
        -64.2151833,
        -31.4181313
    ],
    "CE19": [
        -64.216458,
        -31.4274105
    ],
    "CE20": [
        -64.1949956,
        -31.4416068
    ],
    "NO1": [
        -64.2326314,
        -31.4014305
    ],
    "NO2": [
        -64.2222574,
        -31.3905622
    ],
    "NO3": [
        -64.2299953,
        -31.3838753
    ],
    "NO4": [
        -64.2353137,
        -31.3758359
    ],
    "NO5": [
        -64.2380809,
        -31.3664757
    ],
    "NO6": [
        -64.2240901,
        -31.3667951
    ],
    "NO7": [
        -64.2132037,
        -31.3688893
    ],
    "NO8": [
        -64.2168987,
        -31.4126632
    ],
    "NO9": [
        -64.2183099,
        -31.4138101
    ],
    "NO10": [
        -64.2207911,
        -31.4084768
    ],
    "NO11": [
        -64.2391975,
        -31.398293
    ],
    "NO12": [
        -64.2280999,
        -31.4051729
    ],
    "NO13": [
        -64.2230263,
        -31.398273
    ],
    "NO14": [
        -64.2169532,
        -31.3990672
    ],
    "NO15": [
        -64.2076936,
        -31.3825269
    ],
    "NO16": [
        -64.208935,
        -31.3762181
    ],
    "NO17": [
        -64.2395635,
        -31.380439
    ],
    "NO18": [
        -64.2037029,
        -31.3882313
    ],
    "NO19": [
        -64.2261908,
        -31.3716122
    ],
    "NO20": [
        -64.2322983,
        -31.404891
    ],
    "NE1": [
        -64.17992,
        -31.3891721
    ],
    "NE2": [
        -64.17991,
        -31.3821469
    ],
    "NE3": [
        -64.181851,
        -31.3703108
    ],
    "NE4": [
        -64.1665906,
        -31.3741152
    ],
    "NE5": [
        -64.1795087,
        -31.3781134
    ],
    "NE6": [
        -64.1592554,
        -31.3831332
    ],
    "NE7": [
        -64.1683448,
        -31.3925588
    ],
    "NE8": [
        -64.161066,
        -31.3754568
    ],
    "NE9": [
        -64.1570786,
        -31.382364
    ],
    "NE10": [
        -64.1678111,
        -31.3894942
    ],
    "NE11": [
        -64.1477415,
        -31.3942417
    ],
    "NE12": [
        -64.1595154,
        -31.3999971
    ],
    "NE13": [
        -64.154042,
        -31.4110117
    ],
    "NE14": [
        -64.1854958,
        -31.3760188
    ],
    "NE15": [
        -64.1776832,
        -31.3708685
    ],
    "NE16": [
        -64.1447535,
        -31.3948297
    ],
    "NE17": [
        -64.1696387,
        -31.3715785
    ],
    "NE18": [
        -64.1326644,
        -31.3927958
    ],
    "NE19": [
        -64.1798747,
        -31.3808217
    ],
    "NE20": [
        -64.14485,
        -31.38292
    ],
    "SE1": [
        -64.1507343,
        -31.4200324
    ],
    "SE2": [
        -64.1443308,
        -31.4260673
    ],
    "SE3": [
        -64.1379774,
        -31.4237913
    ],
    "SE4": [
        -64.1479299,
        -31.4427052
    ],
    "SE5": [
        -64.1404836,
        -31.4473636
    ],
    "SE6": [
        -64.1771715,
        -31.4468237
    ],
    "SE7": [
        -64.1383393,
        -31.4259356
    ],
    "SE8": [
        -64.1331153,
        -31.431116
    ],
    "SE9": [
        -64.1473155,
        -31.4318503
    ],
    "SE10": [
        -64.1485515,
        -31.4382659
    ],
    "SE11": [
        -64.1393251,
        -31.4526054
    ],
    "SE12": [
        -64.1451587,
        -31.4220524
    ],
    "SE13": [
        -64.1612055,
        -31.4434519
    ],
    "SE14": [
        -64.1586308,
        -31.450672
    ],
    "SE15": [
        -64.1626752,
        -31.45524
    ],
    "SE16": [
        -64.1673529,
        -31.4540549
    ],
    "SE17": [
        -64.1710522,
        -31.4468131
    ],
    "SE18": [
        -64.1793885,
        -31.446555
    ],
    "SE19": [
        -64.1968223,
        -31.447575
    ],
    "SE20": [
        -64.1889767,
        -31.4465166
    ],
    "SO1": [
        -64.2627294,
        -31.419345
    ],
    "SO2": [
        -64.2110158,
        -31.4463445
    ],
    "SO3": [
        -64.2228853,
        -31.4378126
    ],
    "SO4": [
        -64.221502,
        -31.4298795
    ],
    "SO5": [
        -64.2279465,
        -31.4309231
    ],
    "SO6": [
        -64.2488467,
        -31.440162
    ],
    "SO7": [
        -64.2640707,
        -31.4272177
    ],
    "SO8": [
        -64.2185634,
        -31.4586316
    ],
    "SO9": [
        -64.2054754,
        -31.4478902
    ],
    "SO10": [
        -64.2081598,
        -31.4516959
    ],
    "SO11": [
        -64.2119169,
        -31.4509407
    ],
    "SO12": [
        -64.214629,
        -31.4413053
    ],
    "SO13": [
        -64.2519564,
        -31.4400585
    ],
    "SO14": [
        -64.2453494,
        -31.4302872
    ],
    "SO15": [
        -64.2215859,
        -31.4241612
    ],
    "SO16": [
        -64.2236794,
        -31.4149472
    ],
    "SO17": [
        -64.2172322,
        -31.4556574
    ],
    "SO18": [
        -64.2565495,
        -31.4140842
    ],
    "SO19": [
        -64.2335571,
        -31.4126713
    ],
    "SO20": [
        -64.2274839,
        -31.4342367
    ]
}